{"911X7bM4yT2Mobv6BsMc+g==":"background8.jpg","wYXd+PEZ2YMIMYJnHYttbA==":"logov2.png","4r5P1uF/TutCwoyzWv8gvw==":"zdjecie1docv.png","IR50eEAa/gjv9e3Jv2cWTg==":"background5.jpg","F0fhrw0S49300+8DaULH8Q==":"strona1.png","s0abWPNctiMBjx6JghnHuw==":"strona2.png","6VdW1gHlto5RrTj36t6I3w==":"strona2.1.png","8neAV1FliVmgsju6h09YRQ==":"strona2.2.png","J59LQyLUwJHVWXEk33j8Bg==":"p1-3.png","3NqifNcPD7cC4WEgRbR6Lg==":"w1-8.png","Xm1IpIMBC1vZlg1S1T0hWQ==":"w1-10.png","PCN1QmVZCzxFhHo4+Eb07g==":"p1-1.png","aoqrnPzKrGEslfbvm3gvkw==":"p1-2.png","7qqcWE7Pu5rR8YzEYleBHA==":"p1-4.png","/Ts9Z1buNbzltLNxZZ5qmw==":"p1-5.png","BeKDp6Hq9uzH7omimAsSgg==":"p1-6.png","/Ziv+ikriUUkxSt44bIutA==":"p1-7.png","XTB7MnZfGYudRHB3jNChfg==":"p1-8.png","VZ5jXB+bDyZkW6km3bIfDg==":"p1-9.png"}